"ID";"Bezeichner";"Footprint";"St√ºckzahl";"Bezeichnung";"Anbieter und Referenz";
1;"J1.1.3";"TerminalBlock_Xinya_XY308-2.54-2P_1x02_P2.54mm_Horizontal";1;"Button 5";;;
2;"J1.1.1";"TerminalBlock_Xinya_XY308-2.54-2P_1x02_P2.54mm_Horizontal";1;"Button 1";;;
3;"C2,C1";"C_0603_1608Metric_Pad1.08x0.95mm_HandSolder";2;"12..22";;;
4;"J1";"PinHeader_1x08_P2.54mm_Vertical_SMD_Pin1Left";1;"4X4 Button Matrix";;;
5;"J1.1.2";"TerminalBlock_Xinya_XY308-2.54-2P_1x02_P2.54mm_Horizontal";1;"Button 2";;;
6;"J1.1";"PinHeader_1x04_P2.54mm_Vertical_SMD_Pin1Left";1;"2X2 Matrix A";;;
7;"J4";"RJ45_Molex_0855135013_Vertical";1;"RJ45";;;
8;"J1.2.2";"TerminalBlock_Xinya_XY308-2.54-2P_1x02_P2.54mm_Horizontal";1;"Button 4";;;
9;"U1";"DIP-28_W7.62mm";1;"ATmega328P-P";;;
10;"J3";"PinHeader_2x03_P2.54mm_Vertical_SMD";1;"AVR-ISP";;;
11;"J1.2";"PinHeader_1x04_P2.54mm_Vertical_SMD_Pin1Left";1;"2X2 Matrix B";;;
12;"Y1";"Crystal_HC18-U_Vertical";1;"Crystal";;;
13;"J1.2.1";"TerminalBlock_Xinya_XY308-2.54-2P_1x02_P2.54mm_Horizontal";1;"Button 3";;;
14;"J1.4";"PinHeader_1x04_P2.54mm_Vertical_SMD_Pin1Left";1;"2X2 Matrix D";;;
15;"SW1";"SW_Push_1P1T_NO_6x6mm_H9.5mm";1;"Reset";;;
16;"J1.1.4";"TerminalBlock_Xinya_XY308-2.54-2P_1x02_P2.54mm_Horizontal";1;"Button 6";;;
17;"J1.3";"PinHeader_1x04_P2.54mm_Vertical_SMD_Pin1Left";1;"2X2 Matrix C";;;
